<snapshot>
    <configuration>
        <data xmlns="urn:ietf:params:xml:ns:netconf:base:1.0">
            <modules xmlns="urn:opendaylight:params:xml:ns:yang:controller:config">
                <module>
                    <type xmlns:XSQL="http://netconfcentral.org/ns/XSQL">
                        XSQL:XSQL
                    </type>
                    <name>XSQL</name>
                    <data-broker>
                        <type xmlns:binding="urn:opendaylight:params:xml:ns:yang:controller:md:sal:binding">binding:binding-async-data-broker</type>
                        <name>binding-data-broker</name>
                    </data-broker>
                    <async-data-broker>
                        <type xmlns:dom="urn:opendaylight:params:xml:ns:yang:controller:md:sal:dom">dom:dom-async-data-broker</type>
                        <name>inmemory-data-broker</name>
                    </async-data-broker>
                    <schema-service>
                        <type xmlns:dom="urn:opendaylight:params:xml:ns:yang:controller:md:sal:dom">dom:schema-service</type>
                        <name>yang-schema-service</name>
                    </schema-service>
                </module>
            </modules>
        </data>
    </configuration>
    <required-capabilities>
        <capability>http://netconfcentral.org/ns/XSQL?module=XSQL&amp;revision=2014-06-26</capability>
    </required-capabilities>
</snapshot>
