<?xml version="1.0" encoding="UTF-8"?>
<!--

    Licensed to the Apache Software Foundation (ASF) under one or more
    contributor license agreements.  See the NOTICE file distributed with
    this work for additional information regarding copyright ownership.
    The ASF licenses this file to You under the Apache License, Version 2.0
    (the "License"); you may not use this file except in compliance with
    the License.  You may obtain a copy of the License at

       http://www.apache.org/licenses/LICENSE-2.0

    Unless required by applicable law or agreed to in writing, software
    distributed under the License is distributed on an "AS IS" BASIS,
    WITHOUT WARRANTIES OR CONDITIONS OF ANY KIND, either express or implied.
    See the License for the specific language governing permissions and
    limitations under the License.

-->
<blueprint xmlns="http://www.osgi.org/xmlns/blueprint/v1.0.0"
           xmlns:ext="http://aries.apache.org/blueprint/xmlns/blueprint-ext/v1.0.0">

    <ext:property-placeholder placeholder-prefix="$[" placeholder-suffix="]">
        <ext:default-properties>
            <ext:property name="karaf.startLocalConsole" value="true"/>
        </ext:default-properties>
    </ext:property-placeholder>

    <bean id="threadIO" class="org.apache.felix.gogo.runtime.threadio.ThreadIOImpl"
          init-method="start" destroy-method="stop"/>
    <service ref="threadIO" auto-export="interfaces"/>

    <bean id="commandProcessor" class="org.apache.karaf.shell.security.impl.SecCommandProcessorImpl">
        <argument ref="blueprintBundleContext"/>
        <argument ref="threadIO"/>
    </bean>
    <service ref="commandProcessor" auto-export="interfaces"/>

    <bean id="consoleFactoryService" class="org.apache.karaf.shell.console.impl.jline.ConsoleFactoryService">
        <argument ref="blueprintBundleContext"/>
    </bean>
    <service interface="org.apache.karaf.shell.console.ConsoleFactory" ref="consoleFactoryService"/>

    <bean id="consoleFactory" class="org.apache.karaf.shell.console.impl.jline.LocalConsoleManager"
          destroy-method="stop">
        <argument value="$[karaf.startLocalConsole]"/>
        <argument value="$[org.osgi.framework.startlevel.beginning]"/>
        <argument ref="blueprintBundleContext"/>
        <argument ref="terminalFactory"/>
        <argument ref="consoleFactoryService"/>
        <argument ref="commandProcessor"/>
        <argument ref="threadIO"/>
    </bean>

    <bean id="converters" class="org.apache.karaf.shell.console.impl.Converters">
        <argument ref="blueprintBundleContext"/>
    </bean>
    <service ref="converters" interface="org.apache.felix.service.command.Converter"/>

    <bean id="terminalFactory" class="org.apache.karaf.shell.console.impl.jline.TerminalFactory"
          destroy-method="destroy"/>

    <service>
        <interfaces>
            <value>org.apache.felix.service.command.Function</value>
            <value>org.apache.karaf.shell.console.CompletableFunction</value>
        </interfaces>
        <service-properties>
            <entry key="osgi.command.scope" value="*"/>
            <entry key="osgi.command.function" value="exit"/>
        </service-properties>
        <bean class="org.apache.karaf.shell.console.commands.BlueprintCommand">
            <property name="blueprintContainer" ref="blueprintContainer"/>
            <property name="blueprintConverter" ref="blueprintConverter"/>
            <property name="actionId" value="exit"/>
        </bean>
    </service>

    <bean id="exit" class="org.apache.karaf.shell.console.ExitAction" activation="lazy" scope="prototype"/>

    <!-- Get a reference to the Configuration Admin Service -->
    <reference id="configAdmin" interface="org.osgi.service.cm.ConfigurationAdmin"/>

    <!-- For role-based security on the shell commands -->
    <bean id="secureCommandConfigTransformer"
          class="org.apache.karaf.shell.security.impl.SecuredCommandConfigTransformer"
          init-method="init">
        <property name="configAdmin" ref="configAdmin"/>
    </bean>
    <service ref="secureCommandConfigTransformer" interface="org.osgi.service.cm.ConfigurationListener"/>

    <!-- Command execution logging -->
    <service auto-export="interfaces">
        <bean class="org.apache.karaf.shell.console.jline.LoggingCommandSessionListener" />
    </service>

</blueprint>
