<?xml version="1.0" encoding="UTF-8"?>
<!--
   Licensed under the Apache License, Version 2.0 (the "License");
   you may not use this file except in compliance with the License.
   You may obtain a copy of the License at

         http://www.apache.org/licenses/LICENSE-2.0

   Unless required by applicable law or agreed to in writing, software
   distributed under the License is distributed on an "AS IS" BASIS,
   WITHOUT WARRANTIES OR CONDITIONS OF ANY KIND, either express or implied.
   See the License for the specific language governing permissions and
   limitations under the License.
-->
<blueprint xmlns="http://www.osgi.org/xmlns/blueprint/v1.0.0"
    xmlns:cm="http://aries.apache.org/blueprint/xmlns/blueprint-cm/v1.1.0"
    xmlns:ext="http://aries.apache.org/blueprint/xmlns/blueprint-ext/v1.0.0">

    <ext:property-placeholder placeholder-prefix="$(" placeholder-suffix=")"/>

    <cm:property-placeholder persistent-id="org.apache.karaf.log" update-strategy="reload">
        <cm:default-properties>
            <cm:property name="size" value="500"/>
            <cm:property name="pattern" value="%d{ABSOLUTE} | %-5.5p | %-16.16t | %-32.32c{1} | %-32.32C %4L | %m%n"/>
            <cm:property name="fatalColor" value="31"/>
            <cm:property name="errorColor" value="31"/>
            <cm:property name="warnColor" value="35"/>
            <cm:property name="infoColor" value="36"/>
            <cm:property name="debugColor" value="39"/>
            <cm:property name="traceColor" value="39"/>
        </cm:default-properties>
    </cm:property-placeholder>
    
    <reference id="configAdmin" interface="org.osgi.service.cm.ConfigurationAdmin"/>
    
    <bean id="events" class="org.apache.karaf.log.core.internal.LruList">
        <argument value="${size}"/>
    </bean>
    
    <service ref="events" interface="org.ops4j.pax.logging.spi.PaxAppender">
        <service-properties>
                <entry key="org.ops4j.pax.logging.appender.name" value="VmLogAppender"/>
        </service-properties>
    </service>
    
    <bean id="logService" class="org.apache.karaf.log.core.internal.LogServiceImpl">
        <argument ref="configAdmin"/>
        <argument ref="events" />
    </bean>
    
    <service ref="logService" interface="org.apache.karaf.log.core.LogService"/>

    <bean id="logMBean" class="org.apache.karaf.log.core.internal.LogMBeanImpl">
        <argument ref="logService"/>
    </bean>

    <service ref="logMBean" auto-export="interfaces">
        <service-properties>
            <entry key="jmx.objectname" value="org.apache.karaf:type=log,name=$(karaf.name)"/>
        </service-properties>
    </service>
    
    <bean id="formatter" class="org.apache.karaf.log.core.internal.LogEventFormatterImpl">
        <property name="pattern" value="${pattern}"/>
        <property name="fatalColor" value="${fatalColor}"/>
        <property name="errorColor" value="${errorColor}"/>
        <property name="warnColor" value="${warnColor}"/>
        <property name="infoColor" value="${infoColor}"/>
        <property name="debugColor" value="${debugColor}"/>
        <property name="traceColor" value="${traceColor}"/>
    </bean>
    
    <service ref="formatter" interface="org.apache.karaf.log.core.LogEventFormatter"/>

</blueprint>