<blueprint xmlns="http://www.osgi.org/xmlns/blueprint/v1.0.0">
    <reference id="httpService" availability="mandatory" activation="eager" interface="org.osgi.service.http.HttpService"/>
    <reference id="loader" availability="mandatory" activation="eager" interface="org.opendaylight.dlux.loader.DluxModuleLoader"/>
    <bean id="coreBundle" init-method="initialize" destroy-method="clean" class="org.opendaylight.dlux.loader.DluxModule">
    	<property name="httpService" ref="httpService"/>
    	<property name="loader" ref="loader"/>
    	<property name="moduleName" value="core"/>
    	<property name="url" value="/src/app/core"/>
        <property name="directory" value="/core"/>
    	<property name="requireJs" value="app/core/core.module"/>
    	<property name="angularJs" value="app.core"/>
    </bean>
</blueprint>
