<?xml version="1.0" encoding="UTF-8"?>
<metatype:MetaData xmlns:metatype="http://www.osgi.org/xmlns/metatype/v1.0.0"
    localization="OSGI-INF/metatype/metatype">
    <OCD id="org.opendaylight.aaa.federation" name="%org.opendaylight.aaa.federation.name"
        description="%org.opendaylight.aaa.federation.description">
        <AD id="httpHeaders" type="String" default=""
            name="%org.opendaylight.aaa.federation.httpHeaders.name"
            description="%org.opendaylight.aaa.federation.httpHeaders.description" />
        <AD id="httpAttributes" type="String" default=""
            name="%org.opendaylight.aaa.federation.httpAttributes.name"
            description="%org.opendaylight.aaa.federation.httpAttributes.description" />
        <AD id="secureProxyPorts" type="String" default=""
            name="%org.opendaylight.aaa.federation.secureProxyPorts.name"
            description="%org.opendaylight.aaa.federation.secureProxyPorts.description" />
    </OCD>
    <Designate pid="org.opendaylight.aaa.federation">
        <Object ocdref="org.opendaylight.aaa.federation" />
    </Designate>
</metatype:MetaData>
