<?xml version="1.0" encoding="UTF-8"?>
<!--

        Licensed to the Apache Software Foundation (ASF) under one or more
        contributor license agreements. See the NOTICE file distributed with
        this work for additional information regarding copyright ownership.
        The ASF licenses this file to You under the Apache License, Version
        2.0 (the "License"); you may not use this file except in compliance
        with the License. You may obtain a copy of the License at

        http://www.apache.org/licenses/LICENSE-2.0 Unless required by
        applicable law or agreed to in writing, software distributed under the
        License is distributed on an "AS IS" BASIS, WITHOUT WARRANTIES OR
        CONDITIONS OF ANY KIND, either express or implied. See the License for
        the specific language governing permissions and limitations under the
        License.
    -->
<blueprint xmlns="http://www.osgi.org/xmlns/blueprint/v1.0.0"
           xmlns:ext="http://aries.apache.org/blueprint/xmlns/blueprint-ext/v1.0.0"
           xmlns:cm="http://aries.apache.org/blueprint/xmlns/blueprint-cm/v1.1.0"
           default-activation="lazy">

    <ext:property-placeholder placeholder-prefix="$[" placeholder-suffix="]" />

    <!-- AdminConfig property place holder for the org.apache.karaf.kar  -->
    <cm:property-placeholder persistent-id="org.apache.karaf.kar" update-strategy="reload">
        <cm:default-properties>
            <cm:property name="noAutoRefreshBundles" value="false"/>
        </cm:default-properties>
    </cm:property-placeholder>
    
    <reference id="featuresService" interface="org.apache.karaf.features.FeaturesService"/>
    <reference id="configAdmin" interface="org.osgi.service.cm.ConfigurationAdmin" />

    <bean id="karService" class="org.apache.karaf.kar.internal.KarServiceImpl">
        <argument value="$[karaf.base]" />
        <argument value="$[karaf.data]" />
        <argument ref="featuresService" />
        <property name="noAutoRefreshBundles" value="${noAutoRefreshBundles}"/>
    </bean>
    
    <service ref="karService" interface="org.apache.karaf.kar.KarService"/>
    
    <bean id="mbeanImpl" class="org.apache.karaf.kar.internal.KarsMBeanImpl">
        <property name="karService" ref="karService"/>
    </bean>
    
    <service ref="mbeanImpl" auto-export="interfaces">
        <service-properties>
            <entry key="jmx.objectname" value="org.apache.karaf:type=kar,name=$[karaf.name]"/>
        </service-properties>
    </service>

</blueprint>
