<?xml version="1.0" encoding="UTF-8"?>
<!--

    Licensed to the Apache Software Foundation (ASF) under one or more
    contributor license agreements.  See the NOTICE file distributed with
    this work for additional information regarding copyright ownership.
    The ASF licenses this file to You under the Apache License, Version 2.0
    (the "License"); you may not use this file except in compliance with
    the License.  You may obtain a copy of the License at

       http://www.apache.org/licenses/LICENSE-2.0

    Unless required by applicable law or agreed to in writing, software
    distributed under the License is distributed on an "AS IS" BASIS,
    WITHOUT WARRANTIES OR CONDITIONS OF ANY KIND, either express or implied.
    See the License for the specific language governing permissions and
    limitations under the License.

-->
<blueprint xmlns="http://www.osgi.org/xmlns/blueprint/v1.0.0"
           xmlns:jaas="http://karaf.apache.org/xmlns/jaas/v1.0.0"
           xmlns:cm="http://aries.apache.org/blueprint/xmlns/blueprint-cm/v1.1.0"
           xmlns:ext="http://aries.apache.org/blueprint/xmlns/blueprint-ext/v1.0.0">

    <type-converters>
        <bean class="org.apache.karaf.jaas.modules.properties.PropertiesConverter"/>
    </type-converters>

    <!-- Allow usage of System properties, especially the karaf.base property -->
    <ext:property-placeholder placeholder-prefix="$[" placeholder-suffix="]"/>

    <!-- AdminConfig property place holder for the org.apache.karaf.jaas  -->
    <cm:property-placeholder persistent-id="org.apache.karaf.jaas" update-strategy="reload">
        <cm:default-properties>
            <cm:property name="detailed.login.exception" value="false"/>
            <cm:property name="encryption.name" value=""/>
            <cm:property name="encryption.enabled" value="false"/>
            <cm:property name="encryption.prefix" value="{CRYPT}"/>
            <cm:property name="encryption.suffix" value="{CRYPT}"/>
            <cm:property name="encryption.algorithm" value="MD5"/>
            <cm:property name="encryption.encoding" value="hexadecimal"/>
        </cm:default-properties>
    </cm:property-placeholder>

    <jaas:config name="karaf">
        <jaas:module className="org.apache.karaf.jaas.modules.properties.PropertiesLoginModule" flags="sufficient">
            users = $[karaf.etc]/users.properties
            detailed.login.exception = ${detailed.login.exception}
            encryption.name = ${encryption.name}
            encryption.enabled = ${encryption.enabled}
            encryption.prefix = ${encryption.prefix}
            encryption.suffix = ${encryption.suffix}
            encryption.algorithm = ${encryption.algorithm}
            encryption.encoding = ${encryption.encoding}
        </jaas:module>
        <jaas:module className="org.apache.karaf.jaas.modules.publickey.PublickeyLoginModule" flags="sufficient">
            users = $[karaf.etc]/keys.properties
            detailed.login.exception = ${detailed.login.exception}
        </jaas:module>
    </jaas:config>

    <!-- Properties installer -->
    <bean class="org.apache.karaf.jaas.modules.properties.AutoEncryptionSupport"
            init-method="init" destroy-method="destroy">
        <argument>
            <map>
                <entry key="org.osgi.framework.BundleContext" value-ref="blueprintBundleContext"/>
                <entry key="users" value="$[karaf.etc]/users.properties"/>
                <entry key="encryption.name" value="${encryption.name}"/>
                <entry key="encryption.enabled" value="${encryption.enabled}"/>
                <entry key="encryption.prefix" value="${encryption.prefix}"/>
                <entry key="encryption.suffix" value="${encryption.suffix}"/>
                <entry key="encryption.algorithm" value="${encryption.algorithm}"/>
                <entry key="encryption.encoding" value="${encryption.encoding}"/>
            </map>
        </argument>
    </bean>

    <!-- The Backing Engine Factory Service for the PropertiesLoginModule -->
    <service interface="org.apache.karaf.jaas.modules.BackingEngineFactory">
        <bean class="org.apache.karaf.jaas.modules.properties.PropertiesBackingEngineFactory"/>
    </service>

    <!-- The Backing Engine Factory Service for the PublickeyLoginModule -->
    <service interface="org.apache.karaf.jaas.modules.BackingEngineFactory">
        <bean class="org.apache.karaf.jaas.modules.publickey.PublickeyBackingEngineFactory"/>
    </service>
    
    <service interface="org.apache.karaf.jaas.modules.EncryptionService" ranking="-1">
        <service-properties>
            <entry key="name" value="basic"/>
        </service-properties>
        <bean class="org.apache.karaf.jaas.modules.encryption.BasicEncryptionService"/>
    </service>

</blueprint>
